OBJECTID,LOCNUM,CONAME,STREET,CITY,STATE,STATE_NAME,ZIP,ZIP4,NAICS,SIC,SALESVOL,HDBRCH,ULTNUM,PUBPRV,EMPNUM,FRNCOD,ISCODE,SQFTCODE,LOC_NAME,STATUS,SCORE,SOURCE,REC_TYPE
4774733,432946777,T LINDSLEY FARMS LLC,SW 1ST ST,GRANGEVILLE,ID,Idaho,83530,1358,11199803,019101,115,,0,,2,,,1,StreetAddress,M,100,INFOGROUP,0
3589952,416281612,NEZ PERCE TRIBE FISHERIES,W MAIN ST,GRANGEVILLE,ID,Idaho,83530,1900,11251101,027304,165,,0,,6,,,3,PointAddress,M,100,INFOGROUP,0
11225068,728977838,PRECISION WEED CONTROL,W NORTH ST,GRANGEVILLE,ID,Idaho,83530,1240,11511216,072104,551,,0,,2,,,1,PointAddress,M,100,INFOGROUP,0
728333,167190677,GRANGEVILLE VETERINARY CLINIC,E MAIN ST,GRANGEVILLE,ID,Idaho,83530,2319,54194002,074203,108,,0,,2,LS1,,1,PointAddress,M,100,INFOGROUP,0
6086987,487847188,CAMAS VETERINARY HOSPITAL,GRANGEVILLE TRUCK RTE,GRANGEVILLE,ID,Idaho,83530,5295,54194002,074203,162,,0,,3,ELRS1,,1,PointAddress,M,100,INFOGROUP,0
8500926,708167967,POSITIVE REFLECTION,FRONTAGE RD,GRANGEVILLE,ID,Idaho,83530,5370,81291021,075204,53,,0,,1,,,1,PointAddress,M,100,INFOGROUP,0
3054090,409227593,SALMON CLEARWATER LANDSCAPING,S B ST,GRANGEVILLE,ID,Idaho,83530,1436,56173009,078204,196,,0,,5,,,2,PointAddress,M,100,INFOGROUP,0
10616062,723564840,L & M LANDSCPG & CONSTRUCTIVE,SW 1ST ST,GRANGEVILLE,ID,Idaho,83530,1359,56173009,078204,196,,0,,5,,,1,PointAddress,M,100,INFOGROUP,0
4487636,427131044,BLOWN AWAY,N C ST,GRANGEVILLE,ID,Idaho,83530,1120,11531006,085103,294,,0,,7,,,3,PointAddress,M,100,INFOGROUP,0
2159875,401336775,USDA FOREST SVC,AIRPORT RD,GRANGEVILLE,ID,Idaho,83530,6003,11531005,085107,6281,2,801257445,,150,,,8,StreetAddress,M,100,INFOGROUP,0
12668378,900787052,NEZ PERCE NATIONAL FOREST,RR 2,GRANGEVILLE,ID,Idaho,83530,,11531005,085107,880,2,801257445,,21,,,5,Postal,M,100,INFOGROUP,0
6843473,586476707,FLYING B FARMS,FLYING B LN,GRANGEVILLE,ID,Idaho,83530,5247,11421004,097101,766,,0,,12,,,4,PointAddress,M,100,INFOGROUP,0
3589940,416281575,SCHACHER CONSTRUCTION,HAPPY HOLLOW RD,GRANGEVILLE,ID,Idaho,83530,5138,23611505,152103,422,,0,,2,,,1,PointAddress,M,100,INFOGROUP,0
4465853,426984455,LEININGER TIM CONSTRUCTION,,GRANGEVILLE,ID,Idaho,83530,,23611505,152103,422,,0,,2,,,1,Postal,M,100,INFOGROUP,1
2024558,400165284,NORM RICE CONSTRUCTION LLC,ASPEN LN,GRANGEVILLE,ID,Idaho,83530,2100,23611506,152112,211,,0,,1,,,1,PointAddress,M,100,INFOGROUP,0
12762021,935501155,MEADOWLARK HOMES,NW 2ND ST,GRANGEVILLE,ID,Idaho,83530,1174,23611506,152112,1265,,0,,6,,,2,PointAddress,M,100,INFOGROUP,0
2799088,404915252,HIGHLAND ENTERPRISES I LLC,,GRANGEVILLE,ID,Idaho,83530,,23611512,152144,633,,0,,3,,,1,Postal,M,100,INFOGROUP,1
2799198,404915713,WHITEWATER CONSTRUCTION,MARGO LN,GRANGEVILLE,ID,Idaho,83530,5128,23611512,152144,633,,0,,3,,,1,PointAddress,M,100,INFOGROUP,0
3145822,410750872,HACKNEY CONSTRUCTION,FARRENS CREEK LN,GRANGEVILLE,ID,Idaho,83530,5086,23611512,152144,422,,0,,2,,,1,PointAddress,M,100,INFOGROUP,0
3744564,419104410,COOK & SONS CONSTRUCTION,LAMB LN,GRANGEVILLE,ID,Idaho,83530,20,23611512,152144,1897,,0,,9,,,1,PointAddress,M,100,INFOGROUP,0
10482139,722939593,HGC INC CRANE SVC,N COLLEGE ST,GRANGEVILLE,ID,Idaho,83530,1911,23611512,152144,633,,0,,3,,,1,PointAddress,M,100,INFOGROUP,0
1412869,265984609,HOLCOMB GENERAL CONTRACTING,N COLLEGE ST,GRANGEVILLE,ID,Idaho,83530,1911,23611836,152299,4195,,0,,12,,,4,PointAddress,M,100,INFOGROUP,0
2799060,404915149,DONALD R BLEWETT,PO BOX 356,GRANGEVILLE,ID,Idaho,83530,356,23622005,154213,2108,,0,,10,,,3,Postal,M,100,INFOGROUP,2
3735435,418721420,HAUGER BUILDERS,RR 1,GRANGEVILLE,ID,Idaho,83530,,23622005,154213,633,,0,,3,,,1,Postal,M,100,INFOGROUP,0
6418606,529314924,GRANGEVILLE HIGHWAY DISTRICT,N HILL & A ST,GRANGEVILLE,ID,Idaho,83530,,23731010,161101,810,,0,,3,,,1,Postal,M,100,INFOGROUP,0
3713449,417836047,PRARIE PLUMBING,RR 2,GRANGEVILLE,ID,Idaho,83530,,23822020,171102,161,,0,,2,,,1,Postal,M,100,INFOGROUP,0
1537855,310489828,WILLIAMS PLUMBING CO,CUNNINGHAM ST,GRANGEVILLE,ID,Idaho,83530,1100,23822025,171105,241,,0,,3,,,1,PointAddress,M,100,INFOGROUP,0
6418641,529316960,CAMAS PRAIRIE PLUMBING,,GRANGEVILLE,ID,Idaho,83530,,23822025,171105,161,,0,,2,,,1,Postal,M,100,INFOGROUP,1
6655374,561883083,STARK PLUMBING INC,DENVER RD,GRANGEVILLE,ID,Idaho,83530,5218,23822025,171105,81,,0,,1,4,,1,PointAddress,M,100,INFOGROUP,0
3718972,418099404,QUALITY HEATING & AIR COND,HIGHWAY 95 N,GRANGEVILLE,ID,Idaho,83530,5195,23821007,173101,1202,,0,,15,,,3,PointAddress,M,100,INFOGROUP,0
728350,167191709,SMITH'S DRY WALL,N D ST,GRANGEVILLE,ID,Idaho,83530,1127,23831003,174203,161,,0,,2,,,1,PointAddress,M,100,INFOGROUP,0
10372208,722265728,ROCKY'S TILE SVC,N STATE ST,GRANGEVILLE,ID,Idaho,83530,1710,23834005,174301,161,,0,,2,,,1,PointAddress,M,100,INFOGROUP,0
728307,167189448,AIKEN'S CARPET-CSTM INTERIORS,MIDDLE ST,GRANGEVILLE,ID,Idaho,83530,1629,23833007,175203,81,,0,,1,,,1,PointAddress,M,100,INFOGROUP,0
3671206,417428878,STUIVENGA VESSEY LOGGING INC,HIGHWAY 13,GRANGEVILLE,ID,Idaho,83530,5065,23711005,178101,1619,,0,,6,,,2,PointAddress,M,100,INFOGROUP,0
6086971,487845737,STUIVENGA VESSEY DRILLING INC,E MAIN ST,GRANGEVILLE,ID,Idaho,83530,2326,23711009,178103,540,,0,,2,,,1,PointAddress,M,100,INFOGROUP,0
2316599,402274642,TURNER'S INC,LUKES GULCH RD,GRANGEVILLE,ID,Idaho,83530,5042,23891006,179403,401,,0,,5,,,1,PointAddress,M,100,INFOGROUP,0
12053217,806020533,HIGHLAND ENTERPRISES INC,HIGHWAY 95 N,GRANGEVILLE,ID,Idaho,83530,,23891006,179403,802,,0,,10,,,2,StreetName,M,100,INFOGROUP,0
13022411,980120299,IRON WORKS INC,PO BOX 233,GRANGEVILLE,ID,Idaho,83530,233,23891006,179403,161,,0,,2,,,1,Postal,M,100,INFOGROUP,2
12053195,806018255,WESTERN MEATS,N COLLEGE ST,GRANGEVILLE,ID,Idaho,83530,1664,31161103,201104,706,,0,,2,,,2,PointAddress,M,100,INFOGROUP,0
60004,9551946,PIERSON ENTERPRIESE,HIGHWAY 95 N,GRANGEVILLE,ID,Idaho,83530,,11331003,241102,962,,0,,7,,,3,StreetName,M,100,INFOGROUP,0
728349,167191691,IDAHO COUNTY FREE PRESS,W MAIN ST,GRANGEVILLE,ID,Idaho,83530,5192,51111003,271101,833,,0,,12,,,5,PointAddress,M,100,INFOGROUP,0
7873137,691252274,SHOPPER,W MAIN ST,GRANGEVILLE,ID,Idaho,83530,5192,51111003,271101,833,,0,,12,,,5,PointAddress,M,100,INFOGROUP,0
2930480,407355223,CIO PRINTING INC,PARK ST,GRANGEVILLE,ID,Idaho,83530,2339,32311109,275202,462,,0,,3,,,2,PointAddress,M,100,INFOGROUP,0
12053201,806018842,PRINT SHOP & OFFICE SUPPLIES,N COLLEGE ST,GRANGEVILLE,ID,Idaho,83530,1912,32311148,275998,177,,0,,2,,,2,PointAddress,M,100,INFOGROUP,0
39021,5994660,PRIMELAND COOPERATIVES,N A ST,GRANGEVILLE,ID,Idaho,83530,,32531102,287301,1128,,0,,1,,,3,StreetAddress,M,100,INFOGROUP,0
728334,167190834,HOLES RAY SADDLE CO,W MAIN ST,GRANGEVILLE,ID,Idaho,83530,1985,31699815,319998,24,,0,,1,,,1,PointAddress,M,100,INFOGROUP,0
728327,167190479,GRANGEVILLE TRANSIT MIX INC,N MEADOW ST,GRANGEVILLE,ID,Idaho,83530,,32732001,327301,555,,0,,3,,,3,PointAddress,M,100,INFOGROUP,0
728316,167190164,INTERMOUNTAIN MACHINE-FAB INC,HIGHWAY 13,GRANGEVILLE,ID,Idaho,83530,5065,33271002,359903,2558,,0,,11,,,5,PointAddress,M,100,INFOGROUP,0
728325,167190420,G & D MACHINE,N D ST,GRANGEVILLE,ID,Idaho,83530,1134,33271002,359903,1860,,0,,8,,,3,PointAddress,M,100,INFOGROUP,0
10487012,722961866,JEM MACHINE,FRONTAGE RD,GRANGEVILLE,ID,Idaho,83530,,33271002,359903,1860,,0,,8,,,3,StreetAddress,M,100,INFOGROUP,0
4568157,427603060,ANDERSON AEROMOTIVE INC,AIRPORT RD,GRANGEVILLE,ID,Idaho,83530,,33451105,381207,702,,0,,3,,,3,PointAddress,M,100,INFOGROUP,0
2929507,407334361,GERALD D COX LLC,FISH HATCHERY RD,GRANGEVILLE,ID,Idaho,83530,5150,48423013,421304,263,,0,,2,,,2,PointAddress,M,100,INFOGROUP,0
3088276,409482176,RUZICKA TRUCKING,NE 6TH ST,GRANGEVILLE,ID,Idaho,83530,1853,48423013,421304,132,,0,,1,,,1,PointAddress,M,100,INFOGROUP,0
8573118,708471290,TOM MAREK TRUCKING,HIGHWAY 95 N,GRANGEVILLE,ID,Idaho,83530,5196,48423013,421304,263,,0,,2,,,2,PointAddress,M,100,INFOGROUP,0
12053211,806019303,BAKER TRUCK SVC INC,N C ST,GRANGEVILLE,ID,Idaho,83530,1129,48423017,421309,1841,,0,,14,,,3,PointAddress,M,100,INFOGROUP,0
2655386,404144006,COLUMBIA GRAIN,N IDAHO AVE,GRANGEVILLE,ID,Idaho,83530,,49313003,422101,801,2,7692593,,5,,,3,StreetAddress,M,100,INFOGROUP,0
7232126,629980145,COLUMBIA GRAIN,HILL ST,GRANGEVILLE,ID,Idaho,83530,1168,49313003,422101,481,2,7692593,,3,,,2,PointAddress,M,100,INFOGROUP,0
12668408,900789736,COLUMBIA GRAIN,HIGHWAY 95 N,GRANGEVILLE,ID,Idaho,83530,,49313003,422101,801,2,7692593,,5,,,3,PointAddress,M,100,INFOGROUP,0
5554093,439787373,GORTSEMA MINI STORAGE,RR 1,GRANGEVILLE,ID,Idaho,83530,,53113001,422503,28,,0,,1,,,4,Postal,M,100,INFOGROUP,0
12053209,806019162,US POST OFFICE,W MAIN ST,GRANGEVILLE,ID,Idaho,83530,1900,49111001,431101,0,2,801175985,,11,U,,7,PointAddress,M,100,INFOGROUP,0
5896015,465363505,IDAHO COUNTY AIRPORT-KGIC,AIRPORT LN,GRANGEVILLE,ID,Idaho,83530,5037,48811907,458106,53,,0,,1,G,,4,StreetAddress,M,100,INFOGROUP,0
11125639,726244889,IDAHO AFLOAT DAY TOURS,N D ST,GRANGEVILLE,ID,Idaho,83530,,56152007,472501,281,,0,,3,,,2,StreetName,M,100,INFOGROUP,0
9646816,718212829,TOLO TRANSPORTATION LLC,PO BOX 189,GRANGEVILLE,ID,Idaho,83530,189,48821008,478977,640,,0,,8,,,2,Postal,M,100,INFOGROUP,2
4419851,426611078,INLAND CELLULAR,E MAIN ST,GRANGEVILLE,ID,Idaho,83530,2211,51731214,481207,2039,,0,,4,,,2,PointAddress,M,100,INFOGROUP,0
1801261,379572159,ATC COMMUNICATIONS,W NORTH ST,GRANGEVILLE,ID,Idaho,83530,1729,51731106,481304,4928,,0,,20,,,7,PointAddress,M,100,INFOGROUP,0
728340,167191055,KORT RADIO STATION,PINE ST,GRANGEVILLE,ID,Idaho,83530,,51511203,483201,352,,0,,3,,,2,PointAddress,M,100,INFOGROUP,0
2069381,400387677,CAMAS PRAIRIE RADIO,ELK ST,GRANGEVILLE,ID,Idaho,83530,1418,51511203,483201,118,,0,,1,,,1,PointAddress,M,100,INFOGROUP,0
5554086,439787355,RETRO RADIO,W NORTH ST,GRANGEVILLE,ID,Idaho,83530,,51511203,483201,1757,,0,,15,2,,6,PointAddress,M,100,INFOGROUP,0
728335,167190867,IDAHO COUNTY LIGHT & POWER,HIGHWAY 13,GRANGEVILLE,ID,Idaho,83530,5065,22112202,491101,7079,,0,,15,,,6,PointAddress,M,100,INFOGROUP,0
2609344,403861529,GRANGEVILLE WATER DEPT,W NORTH ST,GRANGEVILLE,ID,Idaho,83530,1729,22131003,494102,3271,,0,,20,,,8,PointAddress,M,100,INFOGROUP,0
728355,167191998,WALCO INC,S HALL ST,GRANGEVILLE,ID,Idaho,83530,2126,56211901,495302,1403,,0,,10,,,5,PointAddress,M,100,INFOGROUP,0
2316572,402274478,WALCO INC,TRANSFER STA,GRANGEVILLE,ID,Idaho,83530,,56211901,495302,842,,0,,6,,,4,Postal,M,100,INFOGROUP,0
5151498,435146388,ADT ALARM & SECURITY,GREENACRES LN,GRANGEVILLE,ID,Idaho,83530,1330,42361063,506304,2083,,0,,3,,,3,PointAddress,M,100,INFOGROUP,0
1964447,398183087,GEM CUTTING SYSTEMS,HIGHWAY 95 N,GRANGEVILLE,ID,Idaho,83530,,42381003,508207,6367,,0,,7,,,2,PointAddress,M,100,INFOGROUP,0
19842,2519965,BELL EQUIPMENT INC,W SOUTH ST,GRANGEVILLE,ID,Idaho,83530,1934,42382005,508310,22486,,0,,25,,,5,PointAddress,M,100,INFOGROUP,0
9312981,715764178,LAZY H LIVESTOCK,PO BOX 177,GRANGEVILLE,ID,Idaho,83530,177,42452008,515403,4808,,0,,4,,,3,Postal,M,100,INFOGROUP,2
940484,215501453,ICP INC,HIGHWAY 13,GRANGEVILLE,ID,Idaho,83530,5065,42472005,517208,42847,,0,,5,,,4,PointAddress,M,100,INFOGROUP,0
728343,167191238,MC GREGOR CO,FRONTAGE RD,GRANGEVILLE,ID,Idaho,83530,,42491015,519114,11309,2,840788129,,9,,,4,PointAddress,M,100,INFOGROUP,0
13022407,980120091,LUCKY STAR GARAGE DOOR OPENERS,CANYON RD,GRANGEVILLE,ID,Idaho,83530,5327,44419018,521101,534,,0,,3,,,2,PointAddress,M,100,INFOGROUP,0
7873142,691252431,QUALITY TRUSS,N D ST,GRANGEVILLE,ID,Idaho,83530,1128,44419067,521124,712,,0,,4,,,3,PointAddress,M,100,INFOGROUP,0
728332,167190636,GRANGEVILLE BUILDERS,SW 1ST ST,GRANGEVILLE,ID,Idaho,83530,1360,44411001,521126,1779,,0,,10,B,,5,StreetAddress,M,100,INFOGROUP,0
1964442,398182527,ACCUMIX CONCRETE,W NORTH ST,GRANGEVILLE,ID,Idaho,83530,1240,44419012,521128,356,,0,,2,,,3,PointAddress,M,100,INFOGROUP,0
2316559,402274404,EARLY BIRD,N D ST,GRANGEVILLE,ID,Idaho,83530,1128,44419044,521142,2135,,0,,12,,,6,PointAddress,M,100,INFOGROUP,0
6249572,506745728,ALL STAR AUTOMOBILE GLASS,N B ST,GRANGEVILLE,ID,Idaho,83530,1106,44419031,523110,383,,0,,2,,,1,PointAddress,M,100,INFOGROUP,0
12668406,900789678,GRANGEVILLE GLASS CO,N STATE ST,GRANGEVILLE,ID,Idaho,83530,1646,44419031,523110,383,,0,,2,,,1,PointAddress,M,100,INFOGROUP,0
12053202,806018883,ACE HOME CTR,E MAIN ST,GRANGEVILLE,ID,Idaho,83530,2233,44413005,525104,893,2,2448694,,9,1,,2,PointAddress,M,100,INFOGROUP,0
2655376,404143983,LARSON'S DEPARTMENT STORE,W MAIN ST,GRANGEVILLE,ID,Idaho,83530,1931,45221001,531102,391,,0,,4,,,3,PointAddress,M,100,INFOGROUP,0
11700372,737284979,FAMILY DOLLAR STORE,S E ST,GRANGEVILLE,ID,Idaho,83530,1319,45231912,533101,846,2,678851924,2,5,E,,4,PointAddress,M,100,INFOGROUP,0
5218686,435896740,PRIMELAND COUNTRY STORE,N A ST,GRANGEVILLE,ID,Idaho,83530,,45231906,539901,192,,0,,2,,,2,StreetAddress,M,100,INFOGROUP,0
13022414,980120554,CZT,W MAIN ST,GRANGEVILLE,ID,Idaho,83530,5192,44512001,541103,2651,,0,,20,,,1,PointAddress,M,100,INFOGROUP,0
728308,167189521,ASKER'S HARVEST FOODS,W MAIN ST,GRANGEVILLE,ID,Idaho,83530,1446,44511003,541105,5831,2,708846662,,44,,,6,PointAddress,M,100,INFOGROUP,0
2085976,400475311,JIM'S MARKET INC,E MAIN ST,GRANGEVILLE,ID,Idaho,83530,2236,44511003,541105,5301,,0,,40,,,6,PointAddress,M,100,INFOGROUP,0
12862351,958056483,HEALTH FOOD STORE,W MAIN ST,GRANGEVILLE,ID,Idaho,83530,1901,44619103,549901,107,,0,,2,,,2,PointAddress,M,100,INFOGROUP,0
728310,167189596,PARTSWAY INC,N D ST,GRANGEVILLE,ID,Idaho,83530,1134,44131011,553111,952,,0,,9,5,,2,PointAddress,M,100,INFOGROUP,0
5554055,439787220,PARTSWAY INC,,GRANGEVILLE,ID,Idaho,83530,,44131011,553111,318,,0,,3,,,1,Postal,M,100,INFOGROUP,1
8614696,708979450,NORCO INC,W MAIN ST,GRANGEVILLE,ID,Idaho,83530,1917,44131011,553111,318,,0,,3,,,1,PointAddress,M,100,INFOGROUP,0
18434,2356285,LES SCHWAB,E MAIN ST,GRANGEVILLE,ID,Idaho,83530,2239,44132001,553123,1691,2,4616694,,16,L,,3,PointAddress,M,100,INFOGROUP,0
10366416,722242319,IDAHO GREATER TIRES LLC,HIGHWAY 95 N,GRANGEVILLE,ID,Idaho,83530,5196,44132001,553123,529,,0,,5,,,2,PointAddress,M,100,INFOGROUP,0
728313,167189851,EXXON,W MAIN ST,GRANGEVILLE,ID,Idaho,83530,1348,44719005,554101,1680,2,1547116,2,5,K,,2,PointAddress,M,100,INFOGROUP,0
9855318,719124333,PHILLIPS 66,E MAIN ST,GRANGEVILLE,ID,Idaho,83530,2329,44719005,554101,1680,2,405402483,2,5,S,,2,PointAddress,M,100,INFOGROUP,0
12862354,958056699,DEPOT EXPRESS,E MAIN ST,GRANGEVILLE,ID,Idaho,83530,2329,44719005,554101,2016,,0,,6,,,1,PointAddress,M,100,INFOGROUP,0
4465848,426984435,NORTHWESTERN STAGE LINES,W MAIN ST,GRANGEVILLE,ID,Idaho,83530,5192,44719007,554103,7391,,0,,22,,,5,PointAddress,M,100,INFOGROUP,0
2609322,403861438,DEPOT,HIGHWAY 95 N,GRANGEVILLE,ID,Idaho,83530,5348,44719008,554110,2016,,0,,6,D,,1,PointAddress,M,100,INFOGROUP,0
10084226,720698793,ELECTRIC CHARGING STATION,SW 1ST ST,GRANGEVILLE,ID,Idaho,83530,1358,44719010,554112,0,,0,,0,JT,P,,StreetAddress,M,100,INFOGROUP,4
12668392,900788233,TACKETT'S SAW SVC,E MAIN ST,GRANGEVILLE,ID,Idaho,83530,2319,44122801,557101,771,,0,,4,,,1,PointAddress,M,100,INFOGROUP,0
12053212,806019675,FREI AVIATION LLC,DENVER CEMETERY RD,GRANGEVILLE,ID,Idaho,83530,5205,44122815,559905,386,,0,,2,,,1,PointAddress,M,100,INFOGROUP,0
6886009,591672480,ANDERSON AEROMOTIVE INC,N D ST,GRANGEVILLE,ID,Idaho,83530,1138,44122814,559908,5397,,0,,28,,,5,PointAddress,M,100,INFOGROUP,0
921310,213590649,ROBERTS TREE SVC,,GRANGEVILLE,ID,Idaho,83530,,44211016,571201,180,,0,,1,,,1,Postal,M,100,INFOGROUP,1
728342,167191188,LINDSLEY'S FURNITURE & APPLS,E MAIN ST,GRANGEVILLE,ID,Idaho,83530,2233,44211012,571216,1971,,0,,11,,,4,PointAddress,M,100,INFOGROUP,0
3719023,418101184,KRETZMANN & SONS FINE CABINETS,HIGHWAY 13,GRANGEVILLE,ID,Idaho,83530,5011,33711002,571236,359,,0,,2,,,1,PointAddress,M,100,INFOGROUP,0
7338957,643236094,LENORA'S CUSTOM CABINET,HIGHWAY 13,GRANGEVILLE,ID,Idaho,83530,5008,33711002,571236,180,,0,,1,,,1,PointAddress,M,100,INFOGROUP,0
7408292,649986999,2-B CABINETS,SW 1ST ST,GRANGEVILLE,ID,Idaho,83530,1356,33711002,571236,538,,0,,3,,,1,StreetAddress,M,100,INFOGROUP,0
6086956,487844367,BETTIE'S FLOOR & DECOR,E NORTH ST,GRANGEVILLE,ID,Idaho,83530,1836,44221010,571306,452,,0,,3,,,1,StreetAddress,M,100,INFOGROUP,0
5469869,439030936,QUILT TREASURES,W MAIN ST,GRANGEVILLE,ID,Idaho,83530,1932,44229957,571911,179,,0,,2,,,2,PointAddress,M,100,INFOGROUP,0
7543924,662461417,BURLY STORAGE,MILL CREEK LN,GRANGEVILLE,ID,Idaho,83530,5105,44314245,573402,595,,0,,4,,,3,PointAddress,M,100,INFOGROUP,0
7543925,662461425,MAC GURUS,MILL CREEK LN,GRANGEVILLE,ID,Idaho,83530,5105,44314245,573402,595,,0,,4,,,3,PointAddress,M,100,INFOGROUP,0
7232130,629980335,COMPUTER MAN,POWERLINE RD,GRANGEVILLE,ID,Idaho,83530,5238,44314241,573407,149,,0,,1,,,1,PointAddress,M,100,INFOGROUP,0
728315,167190156,PALENQUE MEXICAN RESTAURANT,W MAIN ST,GRANGEVILLE,ID,Idaho,83530,1347,72251117,581208,271,,0,,9,,V,2,PointAddress,M,100,INFOGROUP,0
1412877,265985358,HONG FA,W MAIN ST,GRANGEVILLE,ID,Idaho,83530,1448,72251117,581208,211,,0,,7,,,1,PointAddress,M,100,INFOGROUP,0
1722056,369201561,HILLTOP,E MAIN ST,GRANGEVILLE,ID,Idaho,83530,2327,72251117,581208,181,,0,,6,,,2,PointAddress,M,100,INFOGROUP,0
2576252,403678380,SEASONS RESTAURANT,W MAIN ST,GRANGEVILLE,ID,Idaho,83530,1932,72251117,581208,151,,0,,5,,A,2,PointAddress,M,100,INFOGROUP,0
3612124,416604348,DRIFTERS CAFE & DRIVE INN,E MAIN ST,GRANGEVILLE,ID,Idaho,83530,2327,72251117,581208,151,,0,,5,,,3,PointAddress,M,100,INFOGROUP,0
6418607,529314932,PIZZA FACTORY,W MAIN ST,GRANGEVILLE,ID,Idaho,83530,1932,72251117,581208,181,2,452171762,,6,,P,2,PointAddress,M,100,INFOGROUP,0
6843474,586476806,SUBWAY,GREENACRES LN,GRANGEVILLE,ID,Idaho,83530,1330,72251117,581208,361,2,452186299,,12,R,D,1,PointAddress,M,100,INFOGROUP,0
8033204,700225784,MOUNTAIN SMOOTHIE,HIGHWAY 13,GRANGEVILLE,ID,Idaho,83530,5065,72251117,581208,151,,0,,5,,,3,PointAddress,M,100,INFOGROUP,0
8859290,711829092,ALASKA REPLACEMENTS LLC,E MAIN ST,GRANGEVILLE,ID,Idaho,83530,2233,72251117,581208,151,,0,,5,,,3,PointAddress,M,100,INFOGROUP,0
728352,167191857,GALLERY BISTRO,W NORTH ST,GRANGEVILLE,ID,Idaho,83530,1764,72232001,581212,91,,0,,3,,,1,PointAddress,M,100,INFOGROUP,0
6793663,580493146,ONE FOR THE ROAD,W MAIN ST,GRANGEVILLE,ID,Idaho,83530,1348,72251505,581228,61,,0,,2,,,1,PointAddress,M,100,INFOGROUP,0
7873143,691252589,CREMA CAFE,N COLLEGE ST,GRANGEVILLE,ID,Idaho,83530,1911,72251505,581228,241,,0,,8,,,2,PointAddress,M,100,INFOGROUP,0
6554723,548362276,ESTABLISHMENT,E MAIN ST,GRANGEVILLE,ID,Idaho,83530,2234,72241001,581301,105,,0,,3,,,1,PointAddress,M,100,INFOGROUP,0
728338,167190966,IRWIN DRUG INC,W MAIN ST,GRANGEVILLE,ID,Idaho,83530,1932,44611009,591205,2109,,0,,10,,I,4,PointAddress,M,100,INFOGROUP,0
2022731,400157313,LIQUOR STORE & MORE,E MAIN ST,GRANGEVILLE,ID,Idaho,83530,2235,44531004,592102,507,,0,,3,,,1,PointAddress,M,100,INFOGROUP,0
921305,213590383,SYRINGA GENERAL HOSP THRIFT,HIGHWAY 95 N,GRANGEVILLE,ID,Idaho,83530,,45331041,593222,42,,0,,1,,,1,StreetName,M,100,INFOGROUP,0
728309,167189547,B & B BARGAIN,E SOUTH ST,GRANGEVILLE,ID,Idaho,83530,2266,45331033,593226,84,,0,,2,,,1,PointAddress,M,100,INFOGROUP,0
6418609,529315103,SECOND HAND TREASURES,VOLLMER ST,GRANGEVILLE,ID,Idaho,83530,,45331033,593226,499,,0,,12,,,3,PointAddress,M,100,INFOGROUP,0
728347,167191527,RAE BROTHERS SPORTING GOODS,E MAIN ST,GRANGEVILLE,ID,Idaho,83530,2235,45111055,594113,545,,0,,5,,,2,PointAddress,M,100,INFOGROUP,0
10482109,722939355,BOOK-N-HAND,E MAIN ST,GRANGEVILLE,ID,Idaho,83530,2209,45121105,594201,428,,0,,3,,,3,PointAddress,M,100,INFOGROUP,0
3719010,418100715,WALKER'S JEWELRY-PHOTO,W MAIN ST,GRANGEVILLE,ID,Idaho,83530,1932,44831012,594409,117,,0,,1,,,2,PointAddress,M,100,INFOGROUP,0
1522997,308700939,HOME GROWN QUILTS,W MAIN ST,GRANGEVILLE,ID,Idaho,83530,1915,45113007,594902,271,,0,,3,,,1,PointAddress,M,100,INFOGROUP,0
728346,167191394,LICK CREEK FOOD SVC LLC,E MAIN ST,GRANGEVILLE,ID,Idaho,83530,2233,45439007,596305,595,,0,,19,,,5,PointAddress,M,100,INFOGROUP,0
2603337,403834218,CHARTWELLS,S IDAHO AVE,GRANGEVILLE,ID,Idaho,83530,1420,45439007,596305,126,2,452172505,,4,,,3,PointAddress,M,100,INFOGROUP,0
10401950,722435019,BLUE RHINO,W MAIN ST,GRANGEVILLE,ID,Idaho,83530,5192,45431017,598406,0,2,490518057,2,0,H,,,PointAddress,M,100,INFOGROUP,0
10401954,722435024,BLUE RHINO,SOUTH E ST,GRANGEVILLE,ID,Idaho,83530,,45431017,598406,0,2,490518057,2,0,H,,,PointAddress,M,100,INFOGROUP,0
728322,167190347,GRANGEVILLE FLOWER & GIFT SHOP,W MAIN ST,GRANGEVILLE,ID,Idaho,83530,1448,45311001,599201,84,,0,,2,,,1,PointAddress,M,100,INFOGROUP,0
5018088,433841847,LEANNES FLOWER SHOP & GDN CTR,,GRANGEVILLE,ID,Idaho,83530,,45311001,599201,167,,0,,4,,,1,Postal,M,100,INFOGROUP,1
5736174,447476326,GREEN ACRES NURSERY,GREENACRES LN,GRANGEVILLE,ID,Idaho,83530,1330,45311004,599202,334,,0,,8,,,1,PointAddress,M,98.875,INFOGROUP,0
6655416,561887324,LINCARE,FRONTAGE RD,GRANGEVILLE,ID,Idaho,83530,5370,44619904,599920,354,2,7500861,,4,,,2,PointAddress,M,100,INFOGROUP,0
5128018,434904914,LET'S FACE IT!,HIGHWAY 13,GRANGEVILLE,ID,Idaho,83530,5065,45399878,599999,177,,0,,2,,,2,PointAddress,M,100,INFOGROUP,0
11170578,726966907,ROCKY CANYON PELLETS,,GRANGEVILLE,ID,Idaho,83530,,45399878,599999,177,,0,,2,,,2,Postal,M,100,INFOGROUP,1
728324,167190396,WELLS FARGO BANK,E MAIN ST,GRANGEVILLE,ID,Idaho,83530,2234,52211002,602101,752,2,1615111,2,6,5,,3,PointAddress,M,100,INFOGROUP,0
2609283,403861339,U.S. BANK BRANCH,E MAIN ST,GRANGEVILLE,ID,Idaho,83530,2234,52211002,602101,574,2,441424496,2,5,3,,3,PointAddress,M,100,INFOGROUP,0
11773983,738147711,STERLING SAVINGS BANK,W MAIN ST,GRANGEVILLE,ID,Idaho,83530,1931,52211002,602101,574,,0,,5,,,3,PointAddress,M,100,INFOGROUP,0
12053112,806011474,UMPQUA BANK,W MAIN ST,GRANGEVILLE,ID,Idaho,83530,1931,52211002,602101,1033,2,511857526,2,9,+,,3,PointAddress,M,100,INFOGROUP,0
3494158,415693689,ATM,E MAIN ST,GRANGEVILLE,ID,Idaho,83530,2329,52211001,602103,0,,0,,0,,,,PointAddress,M,100,INFOGROUP,3
3509319,415721787,ATM,E MAIN ST,GRANGEVILLE,ID,Idaho,83530,2236,52211001,602103,0,,0,,0,,,,PointAddress,M,100,INFOGROUP,3
4860702,433514335,ATM,E MAIN ST,GRANGEVILLE,ID,Idaho,83530,2234,52211001,602103,0,,0,,0,W,,,PointAddress,M,100,INFOGROUP,3
4860820,433514523,ATM,E MAIN ST,GRANGEVILLE,ID,Idaho,83530,2234,52211001,602103,0,,0,,0,U,,,PointAddress,M,100,INFOGROUP,3
4963659,433737710,ATM,W MAIN ST,GRANGEVILLE,ID,Idaho,83530,1348,52211001,602103,0,,0,,0,,,,PointAddress,M,100,INFOGROUP,3
4969146,433747498,ATM,HIGHWAY 95 N,GRANGEVILLE,ID,Idaho,83530,5348,52211001,602103,0,,0,,0,,,,PointAddress,M,100,INFOGROUP,3
5000804,433802822,ATM,E MAIN ST,GRANGEVILLE,ID,Idaho,83530,2233,52211001,602103,0,,0,,0,,,,PointAddress,M,100,INFOGROUP,3
8528471,708312938,ATM,SW 1ST ST,GRANGEVILLE,ID,Idaho,83530,1358,52211001,602103,0,,0,,0,,,,StreetAddress,M,100,INFOGROUP,3
7046918,609765862,POTLATCH NO1 CREDIT UNION,W MAIN ST,GRANGEVILLE,ID,Idaho,83530,5192,52213003,606101,494,,0,,4,,,2,PointAddress,M,100,INFOGROUP,0
7407500,649937091,SUMMIT BROKERAGE SVC INC,W MAIN ST,GRANGEVILLE,ID,Idaho,83530,6001,52312003,621101,1601,2,609888821,,3,,,2,PointAddress,M,100,INFOGROUP,0
12053196,806018271,EK RILEY INVESTMENTS,E MAIN ST,GRANGEVILLE,ID,Idaho,83530,2235,52312003,621101,2668,,0,,5,,,3,PointAddress,M,100,INFOGROUP,0
8029951,700195802,IDA-LEE INVESTMENT GROUP,E NORTH ST,GRANGEVILLE,ID,Idaho,83530,1839,52391001,621111,1067,,0,,2,,,2,PointAddress,M,100,INFOGROUP,0
728318,167190206,EIMERS AGENCY,W MAIN ST,GRANGEVILLE,ID,Idaho,83530,1932,52421001,641112,148,,0,,1,G,,2,PointAddress,M,100,INFOGROUP,0
728321,167190313,FARM BUREAU MUTUAL INSURANCE,S A ST,GRANGEVILLE,ID,Idaho,83530,1400,52421001,641112,352,2,406588095,,4,)I,,2,PointAddress,M,100,INFOGROUP,0
728341,167191170,LIKKEL INSURANCE AGENCY INC,E MAIN ST,GRANGEVILLE,ID,Idaho,83530,2235,52421001,641112,264,,0,,3,,,1,PointAddress,M,100,INFOGROUP,0
728351,167191717,SOLBERG AGENCY INC,W MAIN ST,GRANGEVILLE,ID,Idaho,83530,1931,52421001,641112,440,,0,,5,),,2,PointAddress,M,100,INFOGROUP,0
2506624,403310666,NORTHWEST INSURANCE,W MAIN ST,GRANGEVILLE,ID,Idaho,83530,1931,52421001,641112,264,,0,,3,,,2,PointAddress,M,100,INFOGROUP,0
2609366,403861644,STATE FARM INSURANCE,W NORTH ST,GRANGEVILLE,ID,Idaho,83530,1240,52421001,641112,264,,0,,3,%Y,,2,PointAddress,M,100,INFOGROUP,0
2655393,404144026,FARMERS INSURANCE,W MAIN ST,GRANGEVILLE,ID,Idaho,83530,1932,52421001,641112,176,2,408126506,,2,G,,3,PointAddress,M,100,INFOGROUP,0
2713949,404477348,CENTRAL IDAHO AGENCY INC,E MAIN ST,GRANGEVILLE,ID,Idaho,83530,2283,52421001,641112,182,,0,,2,B,,3,PointAddress,M,100,INFOGROUP,0
7232119,629979675,SEYER INSURANCE,W MAIN ST,GRANGEVILLE,ID,Idaho,83530,1449,52421001,641112,264,,0,,3,<!,,2,PointAddress,M,100,INFOGROUP,0
10730308,724117921,PROGRESSIVE INSURANCE,W MAIN ST,GRANGEVILLE,ID,Idaho,83530,1449,52421001,641112,264,2,138777842,2,3,<,,3,PointAddress,M,100,INFOGROUP,0
11557855,735659586,CAMAS PRAIRIE INSURANCE,SW 1ST ST,GRANGEVILLE,ID,Idaho,83530,,52421001,641112,264,,0,,3,,,2,PointAddress,M,100,INFOGROUP,0
2609350,403861552,PLEASANT VALLEY APARTMENTS,N MYRTLE ST,GRANGEVILLE,ID,Idaho,83530,2200,53111002,651303,40,,0,,1,,,3,PointAddress,M,100,INFOGROUP,0
7873130,691251813,COUNTRY COURT MOBILE HOME & RV,STATE HIGHWAY 162 & US HWY 9,GRANGEVILLE,ID,Idaho,83530,,53119004,651501,69,,0,,2,,,1,Postal,M,100,INFOGROUP,0
728306,167189430,AGEE APPRAISAL,GARFIELD AVE,GRANGEVILLE,ID,Idaho,83530,1577,53132003,653116,72,,0,,1,,,1,PointAddress,M,100,INFOGROUP,0
2541476,403497672,UNITED COUNTRY REAL ESTATE,W MAIN ST,GRANGEVILLE,ID,Idaho,83530,1917,53121003,653118,286,2,501011068,,4,,,1,PointAddress,M,100,INFOGROUP,0
6383673,524253259,ALL AROUND REALTY,W MAIN ST,GRANGEVILLE,ID,Idaho,83530,1449,53121003,653118,215,,0,,3,,,1,PointAddress,M,100,INFOGROUP,0
9443248,717080826,GO BID TODAY,,GRANGEVILLE,ID,Idaho,83530,,53121003,653118,143,,0,,2,,,1,Postal,M,100,INFOGROUP,1
12053218,806020541,HIGHLAND REALTY,W MAIN ST,GRANGEVILLE,ID,Idaho,83530,1915,53121003,653118,500,,0,,7,,,3,PointAddress,M,100,INFOGROUP,0
728336,167190925,IDAHO COUNTY TITLE CO,W MAIN ST,GRANGEVILLE,ID,Idaho,83530,1917,54119106,654102,675,,0,,9,,,2,PointAddress,M,100,INFOGROUP,0
728337,167190941,INLAND TITLE CO,W MAIN ST,GRANGEVILLE,ID,Idaho,83530,1449,54119106,654102,375,,0,,5,,,3,PointAddress,M,100,INFOGROUP,0
7873117,691251292,BLACK SWAN DEVELOPMENT,HIGHWAY 95 N,GRANGEVILLE,ID,Idaho,83530,5195,23721005,655202,540,,0,,2,,,3,PointAddress,M,100,INFOGROUP,0
3111379,409805528,FAIRVIEW CEMETERY,,GRANGEVILLE,ID,Idaho,83530,,81222002,655302,124,,0,,2,,,1,Postal,M,100,INFOGROUP,1
3111386,409805536,MT IDAHO CEMETERY,,GRANGEVILLE,ID,Idaho,83530,,81222002,655302,124,,0,,2,,,1,Postal,M,100,INFOGROUP,1
11080967,726005365,DANVER CEMETERY,,GRANGEVILLE,ID,Idaho,83530,,81222002,655302,124,,0,,2,,,1,Postal,M,100,INFOGROUP,1
12053204,806018966,GRANGEVILLE CEMETERY,N FLORENCE ST,GRANGEVILLE,ID,Idaho,83530,,81222002,655302,62,,0,,1,,,1,StreetAddress,M,100,INFOGROUP,0
6418652,529318008,SUPER 8 GRANGEVILLE,SW 1ST ST,GRANGEVILLE,ID,Idaho,83530,1358,72111002,701101,1812,2,606849800,,30,S,,7,StreetAddress,M,100,INFOGROUP,0
6655379,561883596,EVERGREEN SUITES,E MAIN ST,GRANGEVILLE,ID,Idaho,83530,2338,72111002,701101,61,,0,,1,,,2,PointAddress,M,100,INFOGROUP,0
12053205,806019014,DOWNTOWN INN,E NORTH ST,GRANGEVILLE,ID,Idaho,83530,1836,72111002,701101,121,,0,,2,,,2,PointAddress,M,100,INFOGROUP,0
728319,167190230,ELKHORN LODGE,SW 1ST ST,GRANGEVILLE,ID,Idaho,83530,1359,72111001,701103,61,,0,,1,,,3,PointAddress,M,100,INFOGROUP,0
7543902,662460047,SNOWHAVEN SKI & TUBING AREA,W NORTH ST,GRANGEVILLE,ID,Idaho,83530,1729,72119910,701110,121,,0,,2,,,4,PointAddress,M,100,INFOGROUP,0
11027277,725663337,MACKAY BAR LODGE LLC,PO BOX 340,GRANGEVILLE,ID,Idaho,83530,340,72119909,701111,121,,0,,2,,,2,Postal,M,100,INFOGROUP,2
5736135,447474289,MOUNTAIN VIEW MOBILE HOME PARK,CUNNINGHAM ST,GRANGEVILLE,ID,Idaho,83530,1645,72121102,703302,127,,0,,1,,,1,PointAddress,M,100,INFOGROUP,0
7232124,629980087,BEAR DEN RV RESORT,HIGHWAY 95 S,GRANGEVILLE,ID,Idaho,83530,5182,72121102,703302,254,,0,,2,,,1,PointAddress,M,100,INFOGROUP,0
7232125,629980129,SUNDOWN RV PARK,N C ST,GRANGEVILLE,ID,Idaho,83530,5003,72121102,703302,254,,0,,2,,,1,PointAddress,M,100,INFOGROUP,0
12668396,900788605,COUNTRY COURT RV PARK,COUNTRY COURT DR,GRANGEVILLE,ID,Idaho,83530,5198,72121102,703302,127,,0,,1,,,1,PointAddress,M,100,INFOGROUP,0
12918732,965717283,IDAHO SEWING FOR SPORTS INC,POPLAR DR,GRANGEVILLE,ID,Idaho,83530,5347,81149044,721919,544,,0,,25,,,5,PointAddress,M,100,INFOGROUP,0
11909398,739514932,BROWN SPORTS PHOTOGRAPHY,HIDDEN SPRINGS CIR,GRANGEVILLE,ID,Idaho,83530,5171,54192111,722117,22,,0,,1,,,1,PointAddress,M,100,INFOGROUP,0
921318,213591191,NAIL & SON WELL DRILLING LLC,HAPPY HOLLOW RD,GRANGEVILLE,ID,Idaho,83530,5138,81211302,723102,41,,0,,2,,,1,PointAddress,M,100,INFOGROUP,0
12862353,958056673,FINAL TOUCH,W MAIN ST,GRANGEVILLE,ID,Idaho,83530,1907,81211302,723102,62,,0,,3,,,1,PointAddress,M,100,INFOGROUP,0
728348,167191675,SHEAR MAGIC INC,W MAIN ST,GRANGEVILLE,ID,Idaho,83530,1901,81211202,723106,21,,0,,1,,,1,PointAddress,M,100,INFOGROUP,0
2609374,403861693,IMAGES SALON,E MAIN ST,GRANGEVILLE,ID,Idaho,83530,2209,81211202,723106,82,,0,,4,,,1,PointAddress,M,100,INFOGROUP,0
4465846,426984428,TABITHA'S BARBERSHOP,W MAIN ST,GRANGEVILLE,ID,Idaho,83530,1932,81211101,724101,14,,0,,1,,,1,StreetAddress,M,100,INFOGROUP,0
7505565,659116099,BIG DANS BARBER SHOP,E MAIN ST,GRANGEVILLE,ID,Idaho,83530,2211,81211101,724101,14,,0,,1,,,1,PointAddress,M,100,INFOGROUP,0
728345,167191345,BLACKMER FUNERAL HOME,N MILL ST,GRANGEVILLE,ID,Idaho,83530,1870,81221002,726103,145,,0,,2,,,1,PointAddress,M,100,INFOGROUP,0
728359,167192392,H&R BLOCK,W MAIN ST,GRANGEVILLE,ID,Idaho,83530,1901,54121301,729101,32,2,4620738,2,2,H,,1,PointAddress,M,100,INFOGROUP,0
6383035,524189073,JUST FOR YOU,N COLLEGE ST,GRANGEVILLE,ID,Idaho,83530,1911,81219910,729944,36,,0,,2,,,1,PointAddress,M,100,INFOGROUP,0
2326326,402332652,UPS CUSTOMER CTR,HILL ST,GRANGEVILLE,ID,Idaho,83530,1172,54186007,733101,5782,2,3869476,2,60,1,,7,PointAddress,M,100,INFOGROUP,0
13022412,980120414,PRAIRIE EQUIPMENT RENTAL,FRONTAGE RD,GRANGEVILLE,ID,Idaho,83530,,53231003,735910,208,,0,,2,,,2,PointAddress,M,100,INFOGROUP,0
12053198,806018495,JOB SERVICE-IDAHO STATE,N STATE ST,GRANGEVILLE,ID,Idaho,83530,,56131102,736103,222,,0,,6,,,4,PointAddress,M,100,INFOGROUP,0
1285066,252909668,WESTCOM BROADBAND,,GRANGEVILLE,ID,Idaho,83530,,51821013,737415,557,,0,,4,,,2,Postal,M,100,INFOGROUP,1
4015536,422832349,MOUNTAIN IDA MTIDA,PO BOX 121D,GRANGEVILLE,ID,Idaho,83530,,51821013,737415,557,,0,,4,,,2,Postal,M,100,INFOGROUP,2
6249569,506745272,MTIDA,S C ST,GRANGEVILLE,ID,Idaho,83530,1303,51821013,737415,140,,0,,1,,,2,PointAddress,M,100,INFOGROUP,0
7232131,629980368,PERSONAL COMPUTER REPAIR,,GRANGEVILLE,ID,Idaho,83530,,81121206,737801,140,,0,,2,,,1,Postal,M,100,INFOGROUP,1
6249573,506745819,COMPU NET INC,S FLORENCE ST,GRANGEVILLE,ID,Idaho,83530,2324,54151905,737904,962,,0,,10,,,4,PointAddress,M,100,INFOGROUP,0
10861106,724841078,CAMAS PRAIRIE ARENA-EVENT CTR,HIGHWAY 95 N,GRANGEVILLE,ID,Idaho,83530,5196,71131004,738944,116,,0,,2,,,1,PointAddress,M,100,INFOGROUP,0
728344,167191279,GATEWAY INN,W MAIN ST,GRANGEVILLE,ID,Idaho,83530,1348,56159905,738977,463,,0,,8,,,2,PointAddress,M,100,INFOGROUP,0
2609385,403861735,U-HAUL NEIGHBORHOOD DEALER,FRONTAGE RD,GRANGEVILLE,ID,Idaho,83530,,53212016,751303,213,2,409125614,2,1,6,,3,PointAddress,M,100,INFOGROUP,0
728312,167189695,CAMAS BODY SHOP,N C ST,GRANGEVILLE,ID,Idaho,83530,1119,81112102,753201,71,,0,,1,,,1,PointAddress,M,100,INFOGROUP,0
728326,167190461,GORTSEMA MOTORS INC,N STATE ST,GRANGEVILLE,ID,Idaho,83530,1799,81111104,753801,1462,,0,,23,,,5,PointAddress,M,100,INFOGROUP,0
4593175,427791037,EXTREME AUTO REPAIR,HIGHWAY 13,GRANGEVILLE,ID,Idaho,83530,5065,81111104,753801,509,,0,,8,,,1,PointAddress,M,100,INFOGROUP,0
12053207,806019048,ROBINSON'S GARAGE,W MAIN ST,GRANGEVILLE,ID,Idaho,83530,1916,81111104,753801,128,,0,,2,,,1,PointAddress,M,100,INFOGROUP,0
2609324,403861446,PRECISION ENGINE,GRANGEVILLE SALMON RD,GRANGEVILLE,ID,Idaho,83530,5136,81111114,753810,64,,0,,1,,,1,PointAddress,M,100,INFOGROUP,0
10143010,721003157,HELLS CANYON DIESEL,CUNNINGHAM ST,GRANGEVILLE,ID,Idaho,83530,1215,81111124,753812,255,,0,,4,,,1,PointAddress,M,100,INFOGROUP,0
12862350,958056475,PERFORMANCE AUTO,PINE ST,GRANGEVILLE,ID,Idaho,83530,1109,81111807,753901,120,,0,,2,,,1,PointAddress,M,100,INFOGROUP,0
13022413,980120422,GRANGEVILLE AUTO DIESEL ELEC,N HALL ST,GRANGEVILLE,ID,Idaho,83530,1760,81111803,753911,120,,0,,2,,,1,PointAddress,M,100,INFOGROUP,0
728314,167190024,DALE'S RESCUE TOWING,PRAIRIE RD,GRANGEVILLE,ID,Idaho,83530,5297,48841006,754901,117,,0,,2,,,1,PointAddress,M,100,INFOGROUP,0
6675439,564539526,ADVANCED WELDING & STEEL INC,HIGHWAY 95 N,GRANGEVILLE,ID,Idaho,83530,5196,81149058,769203,1849,,0,,85,,,6,PointAddress,M,100,INFOGROUP,0
1177244,242068195,PRO FISH,N IDAHO AVE,GRANGEVILLE,ID,Idaho,83530,1227,11521017,769904,218,,0,,2,,,1,PointAddress,M,100,INFOGROUP,0
6249570,506745363,ROCKY MOUNTAIN SAW,GRANGEVILLE SALMON RD,GRANGEVILLE,ID,Idaho,83530,5134,81141103,769924,109,,0,,1,,,1,PointAddress,M,100,INFOGROUP,0
7710372,677432262,FRANKS WELDING & EQPT REPAIR,N MEADOW ST,GRANGEVILLE,ID,Idaho,83530,,81131017,769965,218,,0,,2,,,1,StreetAddress,M,100,INFOGROUP,0
5178048,435395925,A A C REPAIR,PO BOX 27,GRANGEVILLE,ID,Idaho,83530,27,81131043,769999,109,,0,,1,,,1,PostalExt,M,100,INFOGROUP,2
5736158,447475575,SOCHUM CREEK,E SOUTH ST,GRANGEVILLE,ID,Idaho,83530,2264,81131043,769999,109,,0,,1,,,1,PointAddress,M,100,INFOGROUP,0
728311,167189612,BLUE FOX THEATRE,W MAIN ST,GRANGEVILLE,ID,Idaho,83530,1932,51213101,783201,71,,0,,2,,,2,PointAddress,M,100,INFOGROUP,0
728339,167191048,K & R VIDEO,E MAIN ST,GRANGEVILLE,ID,Idaho,83530,2211,53228205,784102,67,,0,,3,,,2,PointAddress,M,100,INFOGROUP,0
3719020,418101077,CAMAS LANES,W NORTH ST,GRANGEVILLE,ID,Idaho,83530,1764,71395001,793301,133,,0,,2,,,1,PointAddress,M,100,INFOGROUP,0
6655393,561885054,GROANER'S FITNESS CLUB,W MAIN ST,GRANGEVILLE,ID,Idaho,83530,1448,71394011,799101,118,,0,,2,,,1,PointAddress,M,100,INFOGROUP,0
11524045,735265819,JUNGLE GYM'S INDOOR PLAY CTR,HIGHWAY 13,GRANGEVILLE,ID,Idaho,83530,5065,71219006,799956,185,,0,,2,,,3,PointAddress,M,100,INFOGROUP,0
1295231,253798292,TOLO LAKE MAMMOTH REPLICA,HIGHWAY 95 & PINE ST,GRANGEVILLE,ID,Idaho,83530,,71219007,799972,925,,0,,10,,,4,Postal,M,100,INFOGROUP,0
5151495,435146315,GRANGEVILLE V A CLINIC,W NORTH ST,GRANGEVILLE,ID,Idaho,83530,1349,62111107,801101,1301,,0,,12,FR9,,5,PointAddress,M,100,INFOGROUP,0
2428952,402935668,ST MARY'S GRANGEVILLE MED CLNC,W NORTH ST,GRANGEVILLE,ID,Idaho,83530,1239,62149301,801104,976,2,598895803,,9,,,4,PointAddress,M,100,INFOGROUP,0
2569918,403649844,SYRINGA HOSPITAL VA CLINIC,W NORTH ST,GRANGEVILLE,ID,Idaho,83530,1349,62149301,801104,326,,0,,3,,,2,PointAddress,M,100,INFOGROUP,0
7487823,657415980,SYRINGA HOSPITAL & CLINICS,W NORTH ST,GRANGEVILLE,ID,Idaho,83530,1350,62149301,801104,2384,2,1424258,,22,M,,7,PointAddress,M,100,INFOGROUP,0
7873150,691253173,MOUNTAIN VIEW DENTISTRY DDS,GRANGEVILLE TRUCK RTE,GRANGEVILLE,ID,Idaho,83530,5119,62121003,802101,511,,0,,7,2,,2,PointAddress,M,100,INFOGROUP,0
11632818,736345766,QUALITY LIFE HEALTH CTR,W MAIN ST,GRANGEVILLE,ID,Idaho,83530,1448,62131002,804101,209,,0,,4,,,1,StreetAddress,M,100,INFOGROUP,0
6843437,586472763,BROWN FAMILY VISION,W NORTH ST,GRANGEVILLE,ID,Idaho,83530,1240,62132003,804201,265,,0,,4,,,1,PointAddress,M,100,INFOGROUP,0
7873144,691252597,CAMAS PRAIRIE EYE CLINIC,E MAIN ST,GRANGEVILLE,ID,Idaho,83530,2239,62132003,804201,265,,0,,4,,,2,PointAddress,M,100,INFOGROUP,0
12862352,958056509,DOLLAR A MONTH SENIOR CTR,TRUCK RTE,GRANGEVILLE,ID,Idaho,83530,,62139925,804909,182,,0,,5,,,2,Postal,M,100,INFOGROUP,0
4465874,426984558,GRANGEVILLE PHYSICAL THERAPY,W NORTH ST,GRANGEVILLE,ID,Idaho,83530,1239,62134007,804918,110,,0,,3,,,2,PointAddress,M,100,INFOGROUP,0
6655397,561885369,SYRINGA THERAPY SVC,W NORTH ST,GRANGEVILLE,ID,Idaho,83530,1349,62134008,804923,291,,0,,8,,,3,PointAddress,M,100,INFOGROUP,0
12668372,900786864,PUBLIC HEALTH-ID NORTH CENTRAL,W MAIN ST,GRANGEVILLE,ID,Idaho,83530,5192,62311006,805102,230,2,462608175,,4,,,1,PointAddress,M,100,INFOGROUP,0
11674,1424258,SYRINGA GENERAL HOSPITAL,W MAIN ST,GRANGEVILLE,ID,Idaho,83530,1396,62211002,806202,0,1,1424258,,11,EGH,A,7,PointAddress,M,100,INFOGROUP,0
2655387,404144014,SUNDANCE SERVICES PERSONAL,W NORTH ST,GRANGEVILLE,ID,Idaho,83530,,62161001,808201,393,,0,,14,,,3,StreetAddress,M,100,INFOGROUP,0
5660734,440460728,OPPORTUNITIES UNLIMITED INC,E MAIN ST,GRANGEVILLE,ID,Idaho,83530,2238,62161001,808201,365,,0,,13,,,3,StreetAddress,M,100,INFOGROUP,0
7201070,627038516,DEVINS HOME CARE,S MILL ST,GRANGEVILLE,ID,Idaho,83530,2247,62161001,808201,57,,0,,2,,,1,PointAddress,M,100,INFOGROUP,0
11506379,735091781,RIGHT AT HOME,E MAIN ST,GRANGEVILLE,ID,Idaho,83530,2209,62161001,808201,169,2,892366915,,6,R,,3,PointAddress,M,100,INFOGROUP,0
10306561,721909110,COMPLETE HEALTH & INSPIRATION,FARRENS CREEK LN,GRANGEVILLE,ID,Idaho,83530,5084,62199921,809907,329,,0,,4,,,2,PointAddress,M,100,INFOGROUP,0
728305,167189299,MACGREGOR & MACGREGOR,W MAIN ST,GRANGEVILLE,ID,Idaho,83530,1447,54111002,811103,364,,0,,3,HLRS,F,1,PointAddress,M,100,INFOGROUP,0
10122915,720904261,WRIGHT LAW GROUP,PO BOX 25,GRANGEVILLE,ID,Idaho,83530,25,54111002,811103,364,,0,,3,,,1,PostalExt,M,100,INFOGROUP,2
10447016,722632336,MCFARLAND LAW OFFICE,N COLLEGE ST,GRANGEVILLE,ID,Idaho,83530,1911,54111002,811103,364,,0,,3,,,2,PointAddress,M,100,INFOGROUP,0
11585789,735942382,JESSUP LAW,W NORTH ST,GRANGEVILLE,ID,Idaho,83530,1733,54111002,811103,364,,0,,3,,,2,PointAddress,M,100,INFOGROUP,0
12053193,806018131,IDAHO COUNTY PROSECUTING ATTY,W MAIN ST,GRANGEVILLE,ID,Idaho,83530,1447,54111002,811103,0,,0,,4,FJNSV,F,4,PointAddress,M,100,INFOGROUP,0
9005870,713141814,SPPS CLASS,S B ST,GRANGEVILLE,ID,Idaho,83530,1407,61111008,821102,0,,0,,5,,,4,PointAddress,M,100,INFOGROUP,0
728329,167190586,GRANGEVILLE ELEM/MIDDLE SCHOOL,S IDAHO AVE,GRANGEVILLE,ID,Idaho,83530,1420,61111007,821103,0,,0,,50,EJKN,C,8,PointAddress,M,100,INFOGROUP,0
728330,167190610,GRANGEVILLE HIGH SCHOOL,S D ST,GRANGEVILLE,ID,Idaho,83530,1582,61111007,821103,0,,0,,30,NS,B,7,PointAddress,M,100,INFOGROUP,0
1717867,368711628,GRANGEVILLE PUBLIC SCHOOLS,JEFFERSON ST,GRANGEVILLE,ID,Idaho,83530,1545,61111007,821103,0,,0,,2,N,,3,PointAddress,M,100,INFOGROUP,0
3589922,416281474,LEWIS-CLARK EARLY CHILDHOOD,S IDAHO AVE,GRANGEVILLE,ID,Idaho,83530,1420,61111007,821103,0,,0,,22,N,,7,PointAddress,M,100,INFOGROUP,0
5760016,450122346,STS PETER & PAUL SCHOOL,S B ST,GRANGEVILLE,ID,Idaho,83530,1407,61111007,821103,0,,0,,12,EJKP,A,6,PointAddress,M,100,INFOGROUP,0
728331,167190628,GRANGEVILLE JOINT SCHOOL DIST,JEFFERSON ST,GRANGEVILLE,ID,Idaho,83530,1545,61111018,821120,0,,0,,9,,,1,PointAddress,M,100,INFOGROUP,0
5627191,440209900,MOUNTAIN VIEW SCHOOL DIST 244,S D ST,GRANGEVILLE,ID,Idaho,83530,1582,61111018,821120,0,,0,,14,,,1,PointAddress,M,100,INFOGROUP,0
7746839,681434296,MOUNTAIN VIEW SCHOOL DISTRICT,JEFFERSON ST,GRANGEVILLE,ID,Idaho,83530,1545,61111018,821120,0,,0,,14,,,1,PointAddress,M,100,INFOGROUP,0
5760049,450123153,LEWIS-CLARK STATE CLG,E MAIN ST,GRANGEVILLE,ID,Idaho,83530,2235,61131013,822113,0,2,706248341,,1,,,3,PointAddress,M,100,INFOGROUP,0
9812557,718924548,SURVIVAL COLLEGE LLC,PO BOX 441,GRANGEVILLE,ID,Idaho,83530,441,61131013,822113,0,,0,,3,,,2,Postal,M,100,INFOGROUP,2
12053203,806018891,GRANGEVILLE CENTENNIAL LIBRARY,W NORTH ST,GRANGEVILLE,ID,Idaho,83530,1729,51912006,823106,0,,0,,2,P,,4,PointAddress,M,100,INFOGROUP,0
2655419,404144191,EARLYBIRD SUPPLY,N D ST,GRANGEVILLE,ID,Idaho,83530,1128,61143006,829931,0,,0,,16,,,5,PointAddress,M,100,INFOGROUP,0
1111939,234127132,SYRINGA HOSPITAL,W MAIN ST,GRANGEVILLE,ID,Idaho,83530,1346,61171001,829972,0,,0,,3,,,1,PointAddress,M,100,INFOGROUP,0
3645292,417062462,LEWIS-CLARK STATE COLLEGE,E MAIN ST,GRANGEVILLE,ID,Idaho,83530,2283,61171001,829972,0,2,706248341,,1,,,3,PointAddress,M,100,INFOGROUP,0
3725218,418329300,GRANGEVILLE SENIOR CTR,TRUCK RTE,GRANGEVILLE,ID,Idaho,83530,,62412003,832206,133,,0,,3,,,2,Postal,M,100,INFOGROUP,0
6086984,487846834,COMMUNITY ACTION PARTNERSHIP,W NORTH ST,GRANGEVILLE,ID,Idaho,83530,1764,62412003,832206,45,,0,,1,,,2,PointAddress,M,100,INFOGROUP,0
859325,207222639,CLEARWATER COUNSELING,E MAIN ST,GRANGEVILLE,ID,Idaho,83530,2238,62419011,832215,133,,0,,3,,,2,StreetAddress,M,100,INFOGROUP,0
1418314,266497890,CAMAS PROFESSIONAL COUNSELING,N STATE ST,GRANGEVILLE,ID,Idaho,83530,1769,62419044,832245,620,,0,,14,,,4,PointAddress,M,100,INFOGROUP,0
8067819,700528495,SYRINGA HOSPITAL CANCER RSRC,N A ST,GRANGEVILLE,ID,Idaho,83530,1202,62419051,832264,133,,0,,3,,,2,PointAddress,M,100,INFOGROUP,0
4465875,426984633,HOPE CENTER GRANGEVILLE,NW 2ND ST,GRANGEVILLE,ID,Idaho,83530,1244,62141005,832275,133,,0,,3,,,2,PointAddress,M,100,INFOGROUP,0
12053206,806019022,GRANGEVILLE HEALTH & REHAB,NE 2ND ST,GRANGEVILLE,ID,Idaho,83530,2258,62431009,833102,0,,0,,70,,,7,PointAddress,M,100,INFOGROUP,0
2121091,400699049,KIDS KLUB,N STATE ST,GRANGEVILLE,ID,Idaho,83530,1769,62441003,835101,62,,0,,6,,,3,PointAddress,M,100,INFOGROUP,0
5071842,434422856,WEE WATCH CHILD CARE LLC,HIGHWAY 13,GRANGEVILLE,ID,Idaho,83530,5065,62441003,835101,51,,0,,5,,,2,PointAddress,M,100,INFOGROUP,0
6655415,561887308,KIDS KLUB,S A ST,GRANGEVILLE,ID,Idaho,83530,1403,62441003,835101,72,,0,,7,,,2,PointAddress,M,100,INFOGROUP,0
6843477,586476889,CAMAS PRAIRIE PRESCHOOL,N MYRTLE ST,GRANGEVILLE,ID,Idaho,83530,2345,62441006,835102,11,,0,,1,,,1,PointAddress,M,100,INFOGROUP,0
9513395,717582144,CROSSOVER MINISTRY FOR EVRYN,MOUNT IDAHO GRADE RD,GRANGEVILLE,ID,Idaho,83530,5092,81331908,839998,0,,0,,1,,,2,PointAddress,M,100,INFOGROUP,0
8977311,712817001,GRANGEVILLE EMT ASSN INC,PO BOX 276,GRANGEVILLE,ID,Idaho,83530,276,81391002,861102,0,,0,,3,,,1,Postal,M,100,INFOGROUP,2
728320,167190248,ELKS LODGE 1825,S MEADOW ST,GRANGEVILLE,ID,Idaho,83530,1902,81341002,864101,0,2,458422466,,4,D,,1,PointAddress,M,100,INFOGROUP,0
728317,167190172,FRATERNAL ORDER OF EAGLES,N C ST,GRANGEVILLE,ID,Idaho,83530,1338,81341004,864108,0,2,833100779,,4,C,,1,PointAddress,M,100,INFOGROUP,0
5390619,438001532,GRANGEVILLE KIWANIS CLUB INC,PO BOX 509,GRANGEVILLE,ID,Idaho,83530,509,81341004,864108,0,,0,,3,,,1,Postal,M,100,INFOGROUP,2
6418605,529314916,GRANGEVILLE GUN CLUB,LUKES GULCH RD,GRANGEVILLE,ID,Idaho,83530,,81341004,864108,0,,0,,3,,,1,PointAddress,M,100,INFOGROUP,0
9911549,719423779,KKAG RETRO RADIO,W NORTH ST,GRANGEVILLE,ID,Idaho,83530,,81311006,866104,0,,0,,4,,,2,PointAddress,M,100,INFOGROUP,0
2125826,400726429,SS PETER & PAUL PARISH,LAKE ST,GRANGEVILLE,ID,Idaho,83530,1373,81311009,866106,0,,0,,3,,,1,StreetAddress,M,100,INFOGROUP,0
728323,167190370,CENTENNIAL EVANGELICAL FREE,N COLLEGE ST,GRANGEVILLE,ID,Idaho,83530,1706,81311008,866107,0,,0,,1,1,,1,PointAddress,M,100,INFOGROUP,0
728353,167191923,TRINITY LUTHERAN CHURCH,N MILL ST,GRANGEVILLE,ID,Idaho,83530,1873,81311008,866107,0,,0,,1,P,,1,PointAddress,M,100,INFOGROUP,0
728354,167191956,GRANGEVILLE UNITED MTHDST CHR,W MAIN ST,GRANGEVILLE,ID,Idaho,83530,1447,81311008,866107,0,,0,,2,R,,1,PointAddress,M,100,INFOGROUP,0
921325,213591795,CALVARY CHAPEL OF GRANGEVILLE,W NORTH ST,GRANGEVILLE,ID,Idaho,83530,,81311008,866107,0,,0,,2,2,,2,PointAddress,M,100,INFOGROUP,0
4160233,424539070,GRANGEVILLE ADVENTIST CHURCH,HIGHWAY 95 N,GRANGEVILLE,ID,Idaho,83530,,81311008,866107,0,,0,,1,S,,1,PointAddress,M,100,INFOGROUP,0
5736139,447474495,JEHOVAH WITNESSES,N FLORENCE ST,GRANGEVILLE,ID,Idaho,83530,,81311008,866107,0,,0,,3,N,,1,PointAddress,M,100,INFOGROUP,0
6418604,529314775,GRANGEVILLE CRC,N JUNCTION ST,GRANGEVILLE,ID,Idaho,83530,1727,81311008,866107,0,,0,,1,F,,1,PointAddress,M,100,INFOGROUP,0
6418608,529315095,SAINTS PETER & PAUL CATHOLIC,S B ST,GRANGEVILLE,ID,Idaho,83530,1407,81311008,866107,0,,0,,2,E,,1,PointAddress,M,100,INFOGROUP,0
6843475,586476848,MT IDAHO BAPTIST CHURCH,MOUNT IDAHO LOOP RD,GRANGEVILLE,ID,Idaho,83530,5073,81311008,866107,0,,0,,3,C,,1,PointAddress,M,100,INFOGROUP,0
9948156,719587248,CHURCH ON THE ROCK,S A ST,GRANGEVILLE,ID,Idaho,83530,1404,81311008,866107,0,,0,,3,1,,1,PointAddress,M,100,INFOGROUP,0
12053197,806018453,CHRISTIAN CHURCH GRANGEVILLE,SW 1ST ST,GRANGEVILLE,ID,Idaho,83530,1438,81311008,866107,0,,0,,5,F,,3,PointAddress,M,100,INFOGROUP,0
12053199,806018628,CHURCH OF THE NAZARENE,NW 2ND ST,GRANGEVILLE,ID,Idaho,83530,,81311008,866107,0,,0,,1,Y,,1,PointAddress,M,100,INFOGROUP,0
12053213,806019873,MOUNTAIN SHADOWS BAPTIST CHR,N C ST,GRANGEVILLE,ID,Idaho,83530,1337,81311008,866107,0,,0,,1,C,,1,PointAddress,M,100,INFOGROUP,0
9734993,718633924,CROSS OVER MINISTRY FOR EVRYN,PO BOX 213,GRANGEVILLE,ID,Idaho,83530,213,81311021,866110,0,,0,,4,,,1,Postal,M,100,INFOGROUP,2
10947362,725242067,ACTS-YOUTH MINISTRIES,PO BOX 328,GRANGEVILLE,ID,Idaho,83530,328,81311021,866110,0,,0,,4,,,1,Postal,M,100,INFOGROUP,2
3589949,416281597,YWCA,W MAIN ST,GRANGEVILLE,ID,Idaho,83530,1901,81341019,869904,0,2,680042090,,18,,,6,PointAddress,M,100,INFOGROUP,0
1412853,265983361,SKINNER LAND SURVEY CO INC,W SOUTH ST,GRANGEVILLE,ID,Idaho,83530,1938,54137002,871301,125,,0,,2,,,2,PointAddress,M,100,INFOGROUP,0
6086986,487846966,GEOMATIC PROFESSIONAL SVC LLC,E SOUTH ST,GRANGEVILLE,ID,Idaho,83530,2264,54137002,871301,188,,0,,3,,,2,PointAddress,M,100,INFOGROUP,0
1397600,263432155,FAIRCHILD ACCOUNTING TAX SVC,E MAIN ST,GRANGEVILLE,ID,Idaho,83530,2283,54121101,872101,199,,0,,2,,,2,PointAddress,M,100,INFOGROUP,0
2138400,400801004,GAGE P PRESNELL LLC,S MILL ST,GRANGEVILLE,ID,Idaho,83530,2246,54121101,872101,498,,0,,5,C,,2,PointAddress,M,100,INFOGROUP,0
7129509,619013196,LAMM & CO,W MAIN ST,GRANGEVILLE,ID,Idaho,83530,1932,54121101,872101,299,,0,,3,C,,1,PointAddress,M,100,INFOGROUP,0
11687151,737157103,CAMAS MEDIA MARKETING,HIGHWAY 13,GRANGEVILLE,ID,Idaho,83530,5065,54161303,874213,389,,0,,3,,,4,PointAddress,M,100,INFOGROUP,0
10749231,724187206,MEDIA MILLENNIA,FARRENS CREEK LN,GRANGEVILLE,ID,Idaho,83530,5084,54169068,874856,323,,0,,4,,,2,PointAddress,M,100,INFOGROUP,0
10694081,723890464,CANTEEN,E MAIN ST,GRANGEVILLE,ID,Idaho,83530,2238,54169018,899977,142,,0,,2,,,1,PointAddress,M,100,INFOGROUP,0
10783605,724390789,IDAHO GYM,HIGHWAY 13,GRANGEVILLE,ID,Idaho,83530,5065,54169018,899977,142,,0,,2,,,2,PointAddress,M,100,INFOGROUP,0
1412894,265986943,US DA FARM SVC AGCY,S HALL ST,GRANGEVILLE,ID,Idaho,83530,5368,92112009,912101,0,,0,,3,,,4,StreetAddress,M,100,INFOGROUP,0
2211527,401661634,NATIONAL MARINE FISHERIES SVC,AIRPORT RD,GRANGEVILLE,ID,Idaho,83530,6003,92112009,912101,0,2,468171228,,2,,,3,StreetAddress,M,100,INFOGROUP,0
5736137,447474453,ENVIRONMENTAL QUALITY DEPT,W MAIN ST,GRANGEVILLE,ID,Idaho,83530,1900,92112008,912102,0,2,403840382,,1,,,4,PointAddress,M,100,INFOGROUP,0
5736151,447475153,HEALTH & WELFARE DEPT,S C ST,GRANGEVILLE,ID,Idaho,83530,1342,92112008,912102,0,2,480678143,,15,,,6,PointAddress,M,100,INFOGROUP,0
7873132,691251995,JOB SERVICE-ID WORKS CAREER,N STATE ST,GRANGEVILLE,ID,Idaho,83530,,92112008,912102,0,,0,,3,,,3,PointAddress,M,100,INFOGROUP,0
12053200,806018677,NATIONAL GUARD,NE 4TH ST,GRANGEVILLE,ID,Idaho,83530,1877,92112008,912102,0,2,712362797,,2,,,3,PointAddress,M,100,INFOGROUP,0
1081181,230037491,IDAHO COUNTY SHERIFF,W MAIN ST,GRANGEVILLE,ID,Idaho,83530,1995,92112007,912103,0,,0,,30,,,6,PointAddress,M,100,INFOGROUP,0
2655343,404143841,IDAHO COUNTY MAGISTRATE,W MAIN ST,GRANGEVILLE,ID,Idaho,83530,1948,92112007,912103,0,,0,,5,,,6,PointAddress,M,100,INFOGROUP,0
5151480,435146174,IDAHO COUNTY CORONER,W MAIN ST,GRANGEVILLE,ID,Idaho,83530,1948,92112007,912103,0,,0,,2,,,5,PointAddress,M,100,INFOGROUP,0
5554046,439787188,IDAHO COUNTY COMMISSIONERS,W MAIN ST,GRANGEVILLE,ID,Idaho,83530,1948,92112007,912103,0,,0,,2,,,5,PointAddress,M,100,INFOGROUP,0
5736134,447474263,IDAHO NOXIOUS WEED CONTROL,W MAIN ST,GRANGEVILLE,ID,Idaho,83530,1948,92112007,912103,0,,0,,3,,,5,PointAddress,M,100,INFOGROUP,0
5736152,447475161,COUNTY ID COMPUTER OPERATIONS,W MAIN ST,GRANGEVILLE,ID,Idaho,83530,1948,92112007,912103,0,,0,,2,,,5,PointAddress,M,100,INFOGROUP,0
5736176,447476433,IDAHO COUNTY WELFARE OFFICE,W MAIN ST,GRANGEVILLE,ID,Idaho,83530,1948,92112007,912103,0,,0,,2,,,5,PointAddress,M,100,INFOGROUP,0
5736177,447476441,IDAHO COOPERATIVE EXTENSION,W MAIN ST,GRANGEVILLE,ID,Idaho,83530,1948,92112007,912103,0,,0,,5,,,6,PointAddress,M,100,INFOGROUP,0
5896016,465363539,IDAHO COUNTY DISTRICT COURT,W MAIN ST,GRANGEVILLE,ID,Idaho,83530,1948,92112007,912103,0,,0,,5,,,6,PointAddress,M,100,INFOGROUP,0
6843476,586476855,NOXIOUS WEED CONTROL SHOP,IDAHO COUNTY AIRPORT,GRANGEVILLE,ID,Idaho,83530,,92112007,912103,0,,0,,2,,,3,Postal,M,100,INFOGROUP,0
9005790,713140757,COUNTY OF IDAHO,W MAIN ST,GRANGEVILLE,ID,Idaho,83530,5192,92112007,912103,0,,0,,2,,,3,PointAddress,M,100,INFOGROUP,0
12053194,806018214,IDAHO VETERANS SVC OFFICE,W MAIN ST,GRANGEVILLE,ID,Idaho,83530,1948,92112007,912103,0,,0,,1,,,5,PointAddress,M,100,INFOGROUP,0
12053215,806020392,IDAHO COUNTY RECORDER,W MAIN ST,GRANGEVILLE,ID,Idaho,83530,1992,92112007,912103,0,,0,,4,,,5,PointAddress,M,100,INFOGROUP,0
12053216,806020434,IDAHO COUNTY TREASURER,W MAIN ST,GRANGEVILLE,ID,Idaho,83530,1994,92112007,912103,0,,0,,3,,,5,PointAddress,M,100,INFOGROUP,0
12862349,958056368,IDAHO COUNTY PROBATION,W MAIN ST,GRANGEVILLE,ID,Idaho,83530,1948,92112007,912103,0,,0,,3,,,5,PointAddress,M,100,INFOGROUP,0
728328,167190560,GRANGEVILLE CITY OFFICE,W NORTH ST,GRANGEVILLE,ID,Idaho,83530,1798,92112006,912104,0,,0,,3,,,5,PointAddress,M,100,INFOGROUP,0
1964460,398184937,GRANGEVILLE CITY SHOP,NEZPERCE ST,GRANGEVILLE,ID,Idaho,83530,,92112006,912104,0,,0,,2,,,3,Postal,M,100,INFOGROUP,0
7873151,691253223,GRANGEVILLE CITY SHOP,COUNTY RD,GRANGEVILLE,ID,Idaho,83530,,92112006,912104,0,,0,,2,,,3,Postal,M,100,INFOGROUP,0
7232153,629982489,IDAHO COUNTY SHERIFF POSSE,RR 2,GRANGEVILLE,ID,Idaho,83530,,92212004,922103,0,,0,,20,,,7,Postal,M,100,INFOGROUP,0
1410194,265611913,RIGGINS POLICE DEPT,W MAIN ST,GRANGEVILLE,ID,Idaho,83530,1948,92212003,922104,0,,0,,4,,,6,PointAddress,M,100,INFOGROUP,0
12053210,806019295,GRANGEVILLE POLICE DEPT,W NORTH ST,GRANGEVILLE,ID,Idaho,83530,1729,92212003,922104,0,,0,,7,,,7,PointAddress,M,100,INFOGROUP,0
1412888,265986562,GRANGEVILLE FIRE DEPT,W NORTH ST,GRANGEVILLE,ID,Idaho,83530,1729,92216003,922404,0,,0,,20,,,8,PointAddress,M,100,INFOGROUP,0
5895999,465362044,IDAHO CTY AUDITOR & RECORDER,W MAIN ST,GRANGEVILLE,ID,Idaho,83530,1992,92113002,931103,0,,0,,5,,,6,PointAddress,M,100,INFOGROUP,0
12668373,900786898,CHILDREN'S MENTAL HEALTH SVC,S C ST,GRANGEVILLE,ID,Idaho,83530,1342,92312004,943102,0,2,444888655,,2,,,4,PointAddress,M,100,INFOGROUP,0
6086952,487844003,FARM SERVICE AGENCY,S HALL ST,GRANGEVILLE,ID,Idaho,83530,5368,92412003,951201,0,,0,,4,,,5,StreetAddress,M,100,INFOGROUP,0
2655346,404143850,SOIL & WATER CONSERVATION DIST,S HALL ST,GRANGEVILLE,ID,Idaho,83530,5368,92412005,951202,0,2,403840267,,4,,,5,StreetAddress,M,100,INFOGROUP,0
2316556,402274346,US RURAL DEVELOPMENT,S HALL ST,GRANGEVILLE,ID,Idaho,83530,5368,92512003,953201,0,2,801257445,,5,,,6,StreetAddress,M,100,INFOGROUP,0
2609367,403861651,IDAHO COUNTY DRIVER'S LICENSE,W MAIN ST,GRANGEVILLE,ID,Idaho,83530,1948,92612009,962106,0,,0,,1,D,,4,PointAddress,M,100,INFOGROUP,0
2609379,403861719,IDAHO COUNTY ASSESSOR,W MAIN ST,GRANGEVILLE,ID,Idaho,83530,1993,92612009,962106,0,,0,,15,V,,8,PointAddress,M,100,INFOGROUP,0
3894928,421780942,JACOBS OIL INC,E NORTH ST,GRANGEVILLE,ID,Idaho,83530,,99999005,999966,0,,0,,4,,,2,StreetAddress,M,100,INFOGROUP,0
3905021,421854767,TAMARACK PARTNERSHIP,S E ST,GRANGEVILLE,ID,Idaho,83530,1320,99999005,999966,0,,0,,2,,,2,PointAddress,M,100,INFOGROUP,0
8573176,708471843,W P & H C INC,CUNNINGHAM ST,GRANGEVILLE,ID,Idaho,83530,1100,99999005,999966,0,,0,,2,,,2,PointAddress,M,100,INFOGROUP,0
10979273,725402995,GOSSELAAR POWER SPORTS,HIGHWAY 95 N,GRANGEVILLE,ID,Idaho,83530,5194,99999005,999966,0,,0,,2,,,1,PointAddress,M,100,INFOGROUP,0
4731724,432112853,MACKAY BAR OUTFITTERS & GUEST,PO BOX 340,GRANGEVILLE,ID,Idaho,83530,340,99999004,999977,0,,0,,0,,,1,Postal,M,100,INFOGROUP,2
4754526,432550635,WRANGLER,W MAIN ST,GRANGEVILLE,ID,Idaho,83530,1915,99999004,999977,0,,0,,0,,,1,PointAddress,M,100,INFOGROUP,0
5629117,440226004,OFFICIAL IDAHO COUNTY WEBSITE,W MAIN ST,GRANGEVILLE,ID,Idaho,83530,1447,99999004,999977,0,,0,,0,,,2,PointAddress,M,100,INFOGROUP,0
6655417,561887415,UNION INDEPENDENT HIGHWAY DIST,,GRANGEVILLE,ID,Idaho,83530,,99999004,999977,0,,0,,0,,,1,Postal,M,100,INFOGROUP,1
10123046,720905019,LURE LLC,HIGHWAY 95 N,GRANGEVILLE,ID,Idaho,83530,5194,99999004,999977,0,,0,,0,,,1,PointAddress,M,100,INFOGROUP,0
10366473,722242602,TRI STAR SYSTEMS INC,PO BOX 327,GRANGEVILLE,ID,Idaho,83530,327,99999004,999977,0,,0,,0,,,1,Postal,M,100,INFOGROUP,2
10484898,722952240,ALPHA MISSIONS HOPE HOUSE INC,SE 1ST ST,GRANGEVILLE,ID,Idaho,83530,2220,99999004,999977,0,,0,,0,,,1,PointAddress,M,100,INFOGROUP,0
11027390,725663963,AUTO PROS LLC,E MAIN ST,GRANGEVILLE,ID,Idaho,83530,2239,99999004,999977,0,,0,,0,,,2,PointAddress,M,100,INFOGROUP,0
11128566,726249229,BEAR DEN,US HIGHWAY,GRANGEVILLE,ID,Idaho,83530,,99999004,999977,0,,0,,0,,,1,StreetAddress,M,90.9063,INFOGROUP,0
11520682,735236810,RAISING SUPERKIDS INC,CHEYENNE DR,GRANGEVILLE,ID,Idaho,83530,5175,99999004,999977,0,,0,,0,,,1,PointAddress,M,100,INFOGROUP,0